TAF,OBJ,SITE,FEAT,NOTE,IND
1,1,BRU,85/101,,1
1,2,LKK,85/101,,
1,3,BOB,85/101,,a
1,4,BOB,85/101,,b
2,1,BKW,85/101,,
2,2,BKW,85/101,,8
2,3,ZAM,85/101,,12
2,4,ZAM,85/101,,13
2,5,ZAM,85/101,,9
2,6,ZAM,85/101,,7
3,1,ZAM,85/101,,8
3,2,ZAM,85/101,,15
3,3,ZAM,85/101,,16
3,4,ZAM,85/101,,3
3,5,ZAM,85/101,,10
3,6,ZAM,85/101,,5
3,7,ZAM,85/101,,14
3,8,ZAM,85/101,,17
3,9,ZAM,85/101,,2
3,11,ZAM,85/101,,6
3,10,ILA,85/101,,25
3,13,ILA,85/101,,3
3,14,LKA,85/101,,20
3,12,LKA,85/101,,17
4,1,LKA,85/101,,31
4,2,LKA,85/101,,8
4,3,LKA,85/101,,3
4,4,BLU,85/101,,8
4,5,BLU,85/101,,10
4,6,BLU,85/101,,25
4,7,BLU,85/101,,22
4,8,BLU,85/101,,23
5,1,BYO,85/101,,55
5,2,BYO,85/101,,43
5,3,BYO,85/101,,31
5,4,BYO,85/101,,21
5,5,BYO,85/101,,58
5,6,BYO,85/101,,57
5,7,EBE,85/101,,1
5,8,BBL,85/101,,41
5,9,BBL,85/101,,21
5,10,BBL,85/101,,29
5,11,BBL,85/101,,47
6,1,BBL,85/101,,57
6,2,BBL,85/101,,68
6,3,BBL,85/102,,3
6,4,BBL,85/102,,14
6,5,BBL,85/102,,1
6,6,NGB,85/101,,133
6,7,NGB,85/101,,130
6,8,NGB,85/101,,131
6,9,NGB,85/101,,142
6,10,NGB,85/101,,132
6,11,NGB,85/101,,38
6,12,NGB,85/101,,61
7,1,NGB,85/101,,62
7,2,NGB,85/101,,"135, 141"
7,3,NGB,85/101,,53
7,4,NGB,85/101,,137
7,5,NGB,85/101,134,"85, 104, 109, 110, 134, 136, 138, 140"
7,6,NGB,85/101,136,"85, 104, 109, 110, 134, 136, 138, 140"
7,7,NGB,85/101,,140
7,8,NGB,85/101,,143
7,9,NGB,85/101,,139
7,10,NGB,85/101,138,"85, 104, 109, 110, 134, 136, 138, 140"
7,11,NGB,85/101,,123
7,12,NGB,85/101,,124
7,13,DON,85/101,,72
7,14,DON,85/101,,55
7,15,DON,85/101,,18
8,1,DON,85/101,28,"3, 27, 28, 29, 31, 36, 43, 46, 48, 54, 58, 65"
8,2,DON,85/101,,12
8,3,DON,85/101,,73
8,4,DON,85/101,,78
8,5,DON,85/101,,20
8,6,DON,85/101,,16
8,7,DON,85/101,,30
8,8,DON,85/101,,6
8,9,DON,85/101,,23
8,10,DON,85/101,27,"3, 27, 28, 29, 31, 36, 43, 46, 48, 54, 58, 65"
8,11,DON,85/101,,9
8,12,DON,85/101,8,"7, 8 ,76"
9,1,DON,85/102,,120
9,2,DON,85/102,,87
9,3,DON,85/102,,126
9,4,DON,85/102,,a
9,5,DON,85/102,,117
9,6,DON,85/102,,100
9,7,MBN,85/101,,"62, 74"
9,8,MBN,85/101,,25
10,1,MBN,85/101,65,"42, 44, 48, 49, 65, 68, 75, 77, 79"
10,2,MBN,85/101,75,"42, 44, 48, 49, 65, 68, 75, 77, 79"
10,3,MBN,85/101,,37
10,4,MBN,85/101,,41
10,5,MBN,85/101,,20
10,6,MBN,85/101,,66
10,7,MBN,85/101,,43
10,8,MBN,85/101,,30
10,9,MBN,85/501,,1
10,10,MBN,85/501,,2
10,11,MBN,85/501,,3
10,12,MBN,85/502,,
11,1,NZA,85/101,,1
11,2,NZA,85/101,,24
11,3,NZA,85/101,,70
11,4,MTB,85/101,,17
11,5,MTB,85/101,,
11,6,MTB,85/101,,13
11,7,MTB,85/101,,3
11,8,MTB,85/101,,10
11,9,MTB,85/101,,43
11,10,MTB,85/101,,9
12,1,MTB,85/101,,34
12,2,MTB,85/101,,39
12,3,MTB,85/101,,40
12,4,MTB,85/101,,29
12,5,MTB,85/101,,49
12,6,MTB,85/101,,"6, 26"
12,7,MTB,85/101,,44
12,8,MTB,85/101,,21
12,9,MTB,85/101,,37
12,10,MTB,85/101,,45
12,11,MTB,85/101,,32
12,12,MTB,85/101,,35
12,13,MTB,85/101,,7
12,14,MTB,85/101,,33
12,15,MTB,85/101,,20
12,16,MTB,85/101,,"15, 98"
12,17,MTB,85/101,,36
12,18,MTB,85/101,,14
12,19,MTB,85/101,,18
13,1,MTB,85/101,,4
13,2,MTB,85/101,,22
13,3,MTB,85/101,,23
13,4,MTB,85/101,,2
13,5,MTB,85/101,,42
13,6,MTB,85/101,,16
13,7,MTB,85/101,,25
13,8,MTB,85/101,48,"38, 48, 51"
13,9,MTB,85/101,,47
13,10,MTB,85/101,24,"6, 24, 52, 53, 62"
13,11,MTB,85/101,,5
14,1,MTB,85/101,,11
14,2,MTB,85/101,,12
14,3,MTB,85/101,,30
14,4,MTB,85/101,,"46, 55"
14,5,MTB,85/101,,8
14,6,MTB,85/101,38,"38, 48, 51"
14,7,MTB,85/101,,31
14,8,MTB,85/101,,41
14,9,MTB,85/101,,50
14,10,MTB,85/101,,19
14,11,MTB,85/101,,28
15,1,MAO,85/101,,64
15,2,MAO,85/101,,47
15,3,MAO,85/101,,34
15,4,MAO,85/101,69,"4, 48, 69"
15,5,MAO,85/101,,"2, 68"
15,6,MAO,85/101,,9
15,7,MAO,85/101,,65
15,8,LIB,85/101,,25
15,9,LIB,85/101,,49
16,1,LIB,85/101,,50
16,2,BAT,85/101,,56
16,3,BAT,85/101,,34
16,4,BAT,85/101,8,"2, 8"
16,5,BAT,85/101,,27
16,6,BAT,85/101,,28
16,7,BAT,85/101,,43
16,8,BAT,85/101,,40
16,9,BAT,85/101,,9
16,10,BAT,85/101,10,"7, 10, 15, 16, 22"
17,1,BMK,85/101,,3
17,2,BMK,85/101,,9
17,3,MBO,85/101,,32
17,4,MND,85/101,,"33, 45, 49, 56, 57"
17,5,MND,85/101,5,"5, 7, 9, 11, 28"
17,6,MND,85/101,,3
17,7,MND,85/101,,"16, 20"
17,8,MKL,85/101,,52
17,9,MKL,85/101,,55
17,10,MKL,85/101,,87
17,11,MKL,85/101,,56
17,12,MKL,85/101,,94
17,13,MKL,85/101,,112
17,14,MKL,85/101,106,"63, 92, 93, 96, 100, 102, 106"
18,1,MKL,85/101,,75
18,2,MKL,85/101,,113
18,3,MKL,85/101,,114
18,4,MKL,85/101,,111
18,5,MKL,85/101,,57
18,6,MKL,85/101,,107
18,7,MKL,85/101,,80
18,8,MKL,85/101,,105
18,9,MKL,85/101,77,"77, 78, 91, 103, 104"
18,10,MKL,85/101,,59
18,11,MKL,85/101,,99
18,12,MKL,85/101,,95
18,13,MKL,85/101,,69
18,14,MKL,85/101,,115
19,1,MKL,85/101,,89
19,2,MKL,85/101,,109
19,2,MKL,85/101,,49
19,3,MKL,85/101,,108
19,5,MKL,85/101,,86
19,6,MKL,85/101,,110
19,7,MKL,85/101,,81
19,8,MKL,85/101,,61
19,9,MKL,85/101,,70
20,1,BLN,85/101,"16, 20",16
20,2,BLN,85/101,,25
20,3,BLN,85/101,,16
20,4,BLN,85/101,3,"2, 3, 4, 5, 6, 9, 23"
20,5,BLN,85/101,2,"2, 3, 4, 5, 6, 9, 23"
20,6,BLN,85/101,6,"2, 3, 4, 5, 6, 9, 23"
20,7,BLN,85/201,,a
20,8,BLN,85/201,,b
21,1,BAN,85/501,,
21,2,MBK,85/101,,93
21,3,MBK,85/101,,74
21,4,MBK,85/101,"83, 87",83
21,6,MBK,85/101,,50
21,5,MBK,85/101,,11
21,7,MBK,85/101,,"7, 22"
21,8,MBK,85/101,,109
21,9,MBK,85/101,,36
21,10,MBK,85/101,,10
22,1,KPT,85/101,,10
22,2,DAM,85/503,,a
22,3,DAM,85/503,,b
22,4,DOK,85/101,,33
23,1,DOK,85/101,,10
23,2,DOK,85/101,,5
23,3,DOK,85/101,,15
23,4,DOK,85/101,,8
23,5,BOD,85/101,,15
23,6,BOD,85/101,,16
23,7,BOD,85/101,,17
23,8,GBA,85/101,,9
23,9,GBA,85/101,,16
23,10,GBA,85/101,,4
23,11,GBA,85/101,,7
23,12,GBA,85/101,,3
24,1,NDG,85/101,,1
24,2,KOU,85/101,,62
24,3,KOU,85/101,,"55, 67"
24,4,KOU,85/101,,"61, 83"
24,5,KOU,85/101,,64
24,6,KOU,85/101,74,"54, 74, 77"
24,7,MLB,85/101,,49
24,8,MLB,85/101,,58
24,9,MLB,85/101,,18
24,10,MLB,85/101,,21
25,1,MLB,85/1-3-1,,-3-1-2:13 /102:5-6
25,2,MLB,85/1-3-1,,-1:15
25,3,MLB,85/1-3-1,,-2:4
25,4,MLB,85/1-3-1,,-4:3
25,5,MLB,85/1-3-1,,-1:18
25,6,MLB,85/1-3-1,,-4:5
25,7,MLB,85/1-3-1,,-3
25,8,MLB,85/1-3-1,,"-2:52-53, -3:24-27, 3-1-1:1,8,13-14,22,25-26,28,34-35,41-43,47,49,56, -3-1-2:6-8,10"
25,9,MLB,85/1-3-1,,-1:58
25,10,MLB,85/1-3-1,,-2:3
25,11,MLB,85/1-3-1,,-2:1
25,12,MLB,85/1-3-1,,"-2:13-14,19"
25,13,MLB,85/1-3-1,,-2:24
26,1,MLB,85/1-3-1,,-1:29
26,2,MLB,85/1-3-1,,-1:30
26,3,MLB,85/1-3-1,,-1:19
26,4,MLB,85/1-3-1,,-1:49
26,5,MLB,85/1-3-1,,-1:33
26,6,MLB,85/1-3-1,,-3:1
26,7,MLB,85/1-3-1,,-2:1
26,8,MLB,85/1-3-1,,"-2:16,18-19,26,48,54"
26,9,MLB,85/1-3-2,,85/104:1-2
26,10,MLB,85/1-3-2,,-3:37
26,11,MLB,85/1-3-2,,-3:25
26,12,MLB,85/1-3-2,,"-5:1,6,34"
27,1,MLB,85/1-3-2,,-4:9
27,2,MLB,85/1-3-2,,"-3:10,1135"
27,3,MLB,85/1-3-2,,"-4:6-7 -5:30,36"
27,4,MLB,85/1-3-2,,-2:18
27,5,MLB,85/1-3-2,,-2:3
27,6,MLB,85/1-3-2,,-5:35
27,7,MLB,85/1-3-2,,-4:1
27,8,MLB,85/1-3-2,,-5:4
27,9,MLB,85/1-4-3,,1
27,10,MLB,85/103,,11
27,11,MLB,85/103,,1
27,12,MLB,85/103,,10
27,13,MLB,85/103,,"12,16"
27,14,ILW,85/101,,3
27,15,ILW,85/501,,2
27,16,ILW,85/501,,1
28,1,MBR,87/101,,105
28,2,MBR,87/101,,"15, 24"
28,3,MBR,87/101,,22
28,4,MBR,87/101,,131
28,5,MBR,87/101,,114
28,6,MBR,87/101,,29
28,7,MBR,87/101,,1
28,8,MBR,87/101,,"17, 43"
28,9,MBR,87/101,,46
28,10,MBR,87/101,,16
28,11,MBR,87/101,,"33, 38"
28,12,MBR,87/101,,109
28,13,MBR,87/101,,21
28,14,MBR,87/101,,36
28,15,MBR,87/101,,56
28,16,MBR,87/101,,91
28,17,MBR,87/101,,98
28,18,MBR,87/101,,3
28,19,MBR,87/101,,34
28,20,MBR,87/101,,37
28,21,MBR,87/101,,93
29,1,MBR,87/101,30,"13, 28, 30"
29,2,MBR,87/101,28,"13, 28, 30"
29,3,MBR,87/101,,12
29,4,MBR,87/101,,9
29,5,MBR,87/101,,"18, 27"
29,6,MBR,87/101,,26
29,7,MBR,87/101,,11
29,8,MBR,87/101,,14
29,9,MBR,87/101,,7
29,10,MBR,87/101,,23
29,11,MBR,87/101,,"8, 42"
29,12,MBR,87/101,,71
29,13,MBR,87/101,,"6, 25"
29,14,MBR,87/101,,"79, 85"
29,15,MBR,87/101,,113
29,16,MBR,87/101,,123
30,1,MBR,87/101,,47
30,2,MBR,87/101,,112
30,3,MBR,87/101,,95
30,4,MBR,87/101,,48
30,5,MBR,87/101,,96
30,6,MBR,87/101,,122
30,7,MBR,87/101,,54
30,8,MBR,87/101,,80
30,9,MBR,87/101,,103
30,10,MBR,87/101,,102
30,11,MBR,87/101,73,"73, 74, 86, 129"
30,12,MBR,87/101,,100
30,13,MBR,87/101,,97
30,14,MBR,87/101,,81
30,15,MBR,87/101,,104
31,1,MBR,87/101,,53
31,2,MBR,87/101,,"83, 84"
31,3,MBR,87/101,,94
31,4,MBR,87/101,,78
31,5,MBR,87/101,,111
31,6,MBR,87/101,,117
31,7,MBR,87/101,,60
31,8,MBR,87/101,,116
31,9,MBR,87/101,,99
31,10,MBR,87/101,,120
31,11,MBR,87/101,,52
31,12,MBR,87/101,,2
31,13,MBR,87/101,,20
31,14,MBR,87/101,,130
32,1,SUN,87/101,,"25, 26, 74"
32,2,SUN,87/101,,63
32,3,SUN,87/101,,67
32,4,SUN,87/101,,7
32,5,SUN,87/101,,11
32,6,SUN,87/101,,"5, 10, 66"
32,7,SUN,87/101,,2
32,8,SUN,87/101,,64
32,9,SUN,87/101,,14
32,10,SUN,87/101,,69
32,11,SUN,87/101,28,"28, 80, 83"
32,12,SUN,87/101,80,"6, 8, 15, 16, 20, 27, 30, 32, 35, 36, 40, 41, 42, 43, 44, 45, 49, 50, 53, 61, 62, 75, 76, 78, 79, 80, 86, ??"
32,13,SUN,87/101,,4
32,14,SUN,87/101,,12
32,15,SUN,87/101,,65
32,16,SUN,87/101,,47
32,17,SUN,87/101,,24
33,1,GMB,87/101,,18
33,2,GMB,87/101,,55
33,3,GMB,87/101,,11
33,4,GMB,87/101,,"15, 25"
33,5,BGA,87/101,10,"2, 6, 9, 10"
33,6,BGA,87/101,,11
33,7,BGA,87/101,,12
33,8,BGA,87/101,,13
33,9,BGA,87/101,,1
33,10,BGA,87/102,,7
33,11,BGA,87/102,5,"5, 37-38"
33,12,BBS,87/1,,-2:1
33,13,BBS,87/1,,5
33,14,BBS,87/1,-1:12,"-1:5-6,10,12-13"
33,15,BBS,87/1,"-1:5, 6","-1:5-6,10,12-13"
33,16,BBS,87/2,,"-5:6,17"
33,17,BBS,87/2,,-5:81
34,1,BBS,87/101,,8
34,2,BBS,87/101,,5
34,3,BBS,87/101,,4
34,4,BBS,87/102,,148
34,5,BBS,87/102,,130
34,6,BBS,87/102,,8
34,7,BBS,87/102,,37
34,8,BBS,87/102,,6
34,9,BBS,87/102,,147
34,10,BBS,87/102,,107
34,11,BBS,87/102,,114
34,12,BBS,87/102,,39
34,13,BBS,87/102,100,"99, 100"
35,1,BBS,87/102,,7
35,2,BBS,87/102,,62
35,3,BBS,87/102,,38
35,4,BBS,87/102,,45
35,5,BBS,87/102,,25
35,6,BBS,87/102,,72
35,7,BBS,87/102,97 od 87,97
35,8,BBS,87/102,,71
35,9,SGH 40,87/040,,1
35,10,SGH 40,87/040,,2
35,11,SGH 40,87/040,,6
35,12,SSL,87/101,,42
35,13,SSL,87/101,,33
35,14,SSL,87/101,,24
36,1,SSL,87/101,,36
36,2,SSL,87/101,38,"38, 53, 131"
36,3,SSL,87/101,,"19, 102"
36,4,SSL,87/101,,103
36,5,SSL,87/101,,35
36,6,SSL,87/101,,15
36,7,SSL,87/101,,13
36,8,SSL,87/101,,1
36,9,SSL,87/101,,14
36,10,SSL,87/101,,45
36,11,SSL,87/101,,26
36,12,SSL,87/101,,20
36,13,SSL,87/101,,126
36,14,SSL,87/101,,1
36,15,SSL,87/101,,46
36,16,SSL,87/101,,142
36,17,SSL,87/101,,143
36,18,SSL,87/101,,"4, 74"
36,19,SSL,87/101,25,"21, 25"
36,20,SSL,87/101,,12
36,21,SSL,87/101,21,"21, 25"
37,1,SSL,87/101,,23
37,2,SSL,87/101,,34
37,3,SSL,87/101,,6
37,4,SSL,87/101,,43
37,5,SSL,87/101,,40
37,6,SSL,87/101,,5
37,7,SSL,87/101,,39
37,8,SSL,87/101,,37
37,9,SSL,87/101,,32
37,10,SSL,87/101,,8
37,11,SSL,87/101,,3
37,12,SSL,87/101,,29
37,13,SSL,87/101,,2
37,14,SSL,87/101,,49
37,15,SSL,87/101,,57
38,1,SSL,87/101,,80
38,2,SSL,87/101,,99
38,3,SSL,87/101,,104
38,4,SSL,87/101,,87
38,5,SSL,87/101,,114
38,6,SSL,87/101,,22
38,7,SSL,87/101,,"120, 124"
38,8,SSL,87/101,,85
38,9,SSL,87/101,,78
38,10,SSL,87/101,,92
38,11,SSL,87/101,,88
38,12,SSL,87/101,,95
38,13,SGH 72,87/072,,1
38,14,MJL,87/101,,46
38,15,MJL,87/101,,50
38,16,MJL,87/101,,56
39,1,MJL,87/101,,48
39,2,MJL,87/101,,"47, 49"
39,3,MJL,87/101,,54
39,4,MKA,87/101,,1
39,5,MKA,87/102,,1
40,1,LBK,87/101,,13
40,2,LBK,87/101,,24
40,3,LBK,87/101,,6
40,4,INS,87/101,,6
40,5,INS,87/101,,1
40,6,INS,87/101,,2
40,7,INS,87/102,,2
40,8,BOG,87/101,,2
40,9,BOG,87/102,,23
40,10,BOG,87/102,,"1,16-19"
41,1,BOG,87/102,,3
41,2,BOG,87/102,,7
41,3,BOG,87/102,,"4, 21"
41,4,BOG,87/102,,5-6
41,5,BOG,87/102,,2
41,6,BOG,87/103,,3
41,7,BOG,87/103,,1
41,8,BOG,87/103,,4
41,9,BOG,87/103,,"5,2"
41,10,BOG,87/103,,8
41,11,BOG,87/103,,7
41,12,BOG,87/103,,6
41,13,MIT,87/101,,28
41,14,MIT,87/101,,9
41,15,MIT,87/101,,11
41,16,MIT,87/101,,1
41,17,MIT,87/101,,4
41,18,MIT,87/102,,8
42,1,MIT,87/102,,19
42,2,MIT,87/102,,10
42,3,MIT,87/102,,1
42,4,MIT,87/102,,22
42,5,MIT,87/102,,4
42,6,MIT,87/102,,5
42,7,MIT,87/102,,3
42,8,MIT,87/102,,32
42,9,MIT,87/102,,2
42,10,MIT,87/103,,1
42,11,MIT,87/103,,5
42,12,MIT,87/103,,2
42,13,MIT,87/103,,7
42,14,MIT,87/103,,4
42,15,NGO,87/102,21,"19,21,29,31"
42,16,NGO,87/102,,27
43,1,NGO,87/102,,28-29
44,1,NGO,87/102,,30
44,2,NGO,87/102,,2
44,3,PIK,87/1,,"-8:6 /I-8:1,6 /I-9:1,3-4"
45,1,PIK,87/1,,-1:11
45,2,PIK,87/1,,-7:1 -8:4
45,3,PIK,87/1,-8:11,-8:10-11
45,4,PIK,87/1,,-9:8
45,5,PIK,87/1,,-1:137
45,7,PIK,87/1,,-13:1
45,6,PIK,87/1,,-14:2
45,9,PIK,87/1,,-9:3
45,9,PIK,87/1,,-6:16
45,10,PIK,87/1,,-5:9
45,11,PIK,87/1,,-10:3
45,12,PIK,87/1,,-2:114 -7:8
45,13,PIK,87/1,,-3:164
45,14,PIK,87/1,,/I-12:1
45,15,PIK,87/1,,/I-11:2
45,16,PIK,87/1,,-12:1
46,1,PIK,87/1,,-3:100
46,2,PIK,87/1,,4
46,3,PIK,87/1,,/I-12:3
46,4,PIK,87/1,,-5:7
46,5,PIK,87/1,,-12bis14:1
46,6,PIK,87/1,,2
46,7,PIK,87/1,,-10:2
46,8,PIK,87/1,,-7:9
46,9,PIK,87/1,,-9:10
46,10,PIK,87/1,,-6:17
46,11,PIK,87/1,,-7:2
46,12,PIK,87/1,,-14:3
46,13,PIK,87/1,,-4:2
46,14,PIK,87/1,,-2:19
46,15,PIK,87/1,,-10:5
46,16,PIK,87/1,,-2:49
46,17,PIK,87/1,,/I-9:2
46,18,PIK,87/1,,-8:3
46,19,PIK,87/1,,"-11:6,8,10"
46,20,PIK,87/1,,-4:20
46,21,PIK,87/1,,-5:1 -6:10 -7:12 - 9:6
46,22,PIK,87/1,,-4:42
46,23,PIK,87/1,,-5:1 -6:10 -7:12 - 9:6
46,24,PIK,87/1,,-9:12
47,1,PIK,87/1,,-4:50 -5:12
47,2,PIK,87/1,,-4:21
47,3,PIK,87/1,,-4:7
47,4,PIK,87/1,,-14:1
47,5,PIK,87/1,,-4:18
47,6,PIK,87/1,,-9:5
47,7,PIK,87/1,,-12:4
47,8,PIK,87/1,,-10:8
47,9,PIK,87/1,,-7:13
47,10,PIK,87/1,,-6:7
47,11,PIK,87/1,,-12bis14:2
47,12,PIK,87/1,,-7:7
47,13,PIK,87/1,,-6:11
47,14,PIK,87/1,,-10:6
47,15,PIK,87/1,,-11:3
47,16,PIK,87/1,,-6:13
47,17,PIK,87/1,,-13:2
47,18,PIK,87/1,,-9
47,19,PIK,87/1,,-9:7
47,20,PIK,87/1,,-8:1
47,21,PIK,87/1,,-8:2
47,22,PIK,87/1,,-2:119 -3:5 -4:6
47,23,PIK,87/1,,-2:5
47,24,PIK,87/1,,-2:3 -3:7
48,1,PIK,87/1,,-3:9
48,2,PIK,87/1,,-2:225
48,3,PIK,87/1,,-1:170
48,4,PIK,87/1,,-2:124
48,5,PIK,87/1,,-1:174
48,6,PIK,87/1,,-2:119 -3:5 -4:6
48,7,PIK,87/1,,"-3:163,166"
48,8,PIK,87/1,,-2:120
48,9,PIK,87/1,,-2:122
48,10,PIK,87/1,,-2:115
48,11,PIK,87/1,,-3:110
48,13,PIK,87/1,,-2:120
48,12,PIK,87/1,,"-3:163,166"
48,15,PIK,87/1,,-2:108
48,14,PIK,87/1,,-2:212
48,16,PIK,87/1,"-1:38,39",-1:39
48,17,PIK,87/2,,-6:51
48,18,PIK,87/2,,-4:2
48,19,PIK,87/2,,-4:146
48,20,PIK,87/2,,-5:118
48,21,PIK,87/2,,-4:152
48,22,PIK,87/2,,-2:198
48,23,PIK,87/2,,-1:41
48,24,PIK,87/2,,"-1:252, 272"
48,25,PIK,87/2,,-4:73
48,26,PIK,87/2,,-4:152
48,27,PIK,87/2,,-3:74
49,1,PIK,87/2,,-1:270
49,2,PIK,87/2,,-5:117
49,3,PIK,87/2,,-1:280
49,4,PIK,87/2,,-2:191
49,13,PIK,87/2,,-5:2
49,5,PIK,87/2,,-6:52
49,8,PIK,87/2,,-1:20
49,7,PIK,87/2,,-4:153
49,10,PIK,87/2,,-1:40
49,6,PIK,87/2,,-5:1
49,12,PIK,87/2,,-1:247
49,14,PIK,87/2,,-1:5
49,15,PIK,87/2,,-1:235
49,9,PIK,87/2,,-4:131
49,11,PIK,87/2,,-1:315
49,16,PIK,87/3,,/I:1-2
49,17,PIK,87/3,,-X:2
49,18,PIK,87/3,,-X:22
50,1,PIK,87/101,,58
50,2,PIK,87/101,,39
50,3,PIK,87/101,,1
50,4,PIK,87/101,,182
50,5,PIK,87/101,,64
50,6,PIK,87/101,,40
50,7,PIK,87/101,,"15, 42"
50,8,PIK,87/101,,282
50,9,PIK,87/101,,"44, 49, 53"
50,10,PIK,87/101,,41
51,1,PIK,87/101,,"135, 186"
51,2,PIK,87/101,,45
51,3,PIK,87/101,,107
51,4,PIK,87/101,,206
51,5,PIK,87/101,,10
51,6,PIK,87/101,,52
51,7,PIK,87/101,,161
51,8,PIK,87/101,,125
51,9,PIK,87/101,,"115, 194"
51,10,PIK,87/101,,288
51,11,PIK,87/101,,51
51,12,PIK,87/101,,271
51,13,PIK,87/101,,50
52,1,PIK,87/101,,82
52,2,PIK,87/101,,237
52,3,PIK,87/101,,230
52,4,PIK,87/101,,278
52,5,PIK,87/101,,224
52,6,PIK,87/101,,47
52,7,PIK,87/101,,195
52,8,PIK,87/101,,78
52,9,PIK,87/101,,154
52,10,PIK,87/101,,214
52,11,PIK,87/101,,225
52,12,PIK,87/101,,226
52,13,PIK,87/101,,137
52,14,PIK,87/101,,166
52,15,PIK,87/101,,187
52,16,PIK,87/101,,217
52,17,PIK,87/101,,31
52,18,PIK,87/101,,153
52,19,PIK,87/101,,65
52,20,PIK,87/101,,16
52,21,PIK,87/101,,72
52,22,PIK,87/101,,275
53,1,PIK,87/101,,122
53,2,PIK,87/101,,73
53,3,PIK,87/101,,9
53,4,PIK,87/101,,86
53,5,PIK,87/101,,178
53,6,PIK,87/101,,114
53,7,PIK,87/101,,241
53,8,PIK,87/101,,7
53,11,PIK,87/101,,132
53,10,PIK,87/101,,296
53,9,PIK,87/101,,284
53,12,PIK,87/101,,189
53,13,PIK,87/101,,243
54,1,PIK,87/101,,38
54,2,PIK,87/101,,98
54,3,PIK,87/101,,"177, 292"
54,4,PIK,87/101,,70
54,5,PIK,87/101,,"80, 266"
54,6,PIK,87/101,,23
54,7,PIK,87/101,,"43, 46"
54,8,PIK,87/101,,"117, 120"
54,9,PIK,87/101,,"160, 265, 280"
54,10,PIK,87/101,,268
54,11,PIK,87/101,,79
54,12,PIK,87/101,,91
54,13,PIK,87/101,,141
54,14,PIK,87/101,,111
54,15,PIK,87/101,,87
54,16,PIK,87/101,,"17, 129"
55,1,PIK,87/101,,19
55,2,PIK,87/101,,168
55,3,PIK,87/101,,298
55,4,PIK,87/101,,26
55,5,PIK,87/101,,"236, 245"
55,6,PIK,87/101,,140
55,7,PIK,87/101,,103
55,8,PIK,87/101,,156
55,9,PIK,87/101,,12
55,10,PIK,87/101,,6
55,11,PIK,87/101,,"8, 24"
55,12,PIK,87/101,,197
55,13,PIK,87/101,,28
55,14,PIK,87/101,,13
55,15,PIK,87/101,,60
55,16,PIK,87/101,,32
56,1,PIK,87/101,,113
56,2,PIK,87/101,,220
56,3,PIK,87/101,,261
56,4,PIK,87/101,,254
56,5,PIK,87/101,,300
56,6,PIK,87/101,,20
56,7,PIK,87/101,,272
56,8,PIK,87/101,,"115, 194"
56,11,PIK,87/101,,5
56,12,PIK,87/101,,94-96
56,13,PIK,87/101,,209
56,9,PIK,87/101,,2
56,14,PIK,87/101,,27
56,10,PIK,87/101,,213
56,15,PIK,87/102,,
57,1,MLD,87/101,,11
57,2,MLD,87/101,,37
57,3,MLD,87/101,29,"14, 29, 84, 123"
57,4,MLD,87/101,,23
57,5,MLD,87/101,188,"3, 18, 30, 33, 96, 105, 111, 188"
57,6,MLD,87/101,,57
57,8,MLD,87/103,,"6, 39"
57,9,MLD,87/103,,9
57,7,MLD,87/103,,31
57,10,MDB,87/101,,50
57,11,MDB,87/101,,140
57,12,MDB,87/101,,103
57,13,MDB,87/101,,142
57,14,MDB,87/101,,171
57,15,MDB,87/101,,138
57,16,MDB,87/101,,167
57,17,MDB,87/101,,164
57,18,MDB,87/101,,144
57,19,MDB,87/101,,38
57,20,MDB,87/101,,179
57,21,MDB,87/101,,174
57,22,MDB,87/101,,14
57,23,MDB,87/101,,35
57,24,MDB,87/101,,91
57,25,MDB,87/101,,61
58,1,MDB,87/101,,149
58,2,MDB,87/101,,108
58,3,MDB,87/101,,154
58,4,MDB,87/101,,194
58,5,MDB,87/101,,150
58,6,MDB,87/101,,116
58,7,MDB,87/101,,172
58,8,MDB,87/101,,180
58,9,MDB,87/101,,115
58,10,MDB,87/101,,69
58,11,IKM,87/101,,29
58,12,IKM,87/101,,15
58,13,IKM,87/101,,14
58,14,IKM,87/101,,1
58,15,IKM,87/101,,5
58,16,IKM,87/101,,8
58,17,IKM,87/101,,77
58,18,IKM,87/101,,41
58,19,IKM,87/101,,13
58,20,IKM,87/101,,61
58,21,IKM,87/101,,42
58,22,IKM,87/101,,43
58,23,IKM,87/101,,64
58,24,IKM,87/101,,40
58,25,IKM,87/101,,32
59,1,IKM,87/101,,4
59,2,IKM,87/101,,2
59,3,IKM,87/101,,21
59,4,IKM,87/101,,24
59,5,IKM,87/101,,12
59,6,IKM,87/101,,18
59,7,IKM,87/101,,"7, 17"
59,8,IKM,87/101,,27
59,9,IKM,87/101,26,"26, 28"
59,10,IKM,87/101,28,"26, 28"
59,11,IKM,87/101,,19
59,12,IKM,87/101,,34
59,13,IKM,87/101,,20
59,14,IKM,87/101,,31
59,15,IKM,87/101,,33
59,16,IKM,87/101,44,"44, 46, 57"
59,17,IKM,87/101,45,"45, 49, 53"
59,18,IKM,87/101,,47
59,19,IKM,87/101,59,"51, 59, 63"
59,20,IKM,87/101,,54
59,21,IKM,87/101,53,"45, 49, 53"
59,22,IKM,87/101,,57
59,23,IKM,87/101,51,"51, 59, 63"
59,24,IKM,87/101,49,"45, 49, 53"
59,25,MOS,87/101,,2
59,26,MAT,87/101,,10
59,27,MAT,87/101,,4
59,28,MAT,87/101,,6
59,29,MAT,87/101,,7
59,30,MAT,87/101,,2
59,31,MAT,87/101,,5
60,1,MAT,87/101,,9
60,2,MAT,87/101,13,"13, 16, 35, 49"
60,3,MAT,87/101,,19
60,4,MAT,87/101,,18
60,5,MAT,87/101,,1
60,6,MAT,87/101,17,"15, 17"
60,7,MAT,87/101,,12
60,8,MAT,87/101,,11
60,9,MAT,87/101,,44
60,10,MAT,87/101,,43
60,11,MAT,87/101,,36
60,12,MAT,87/101,,32
60,13,MAT,87/101,,"37, 40, 43"
60,14,MAT,87/101,,28
60,15,MAT,87/101,,29
60,16,MAT,87/101,,21
60,17,MAT,87/101,,48
60,18,MAT,87/101,,20
60,19,MAB,87/101,,23
60,20,MAB,87/101,,19
60,21,MAB,87/101,,5
60,22,MAB,87/101,,6
60,23,MAB,87/101,,2
60,24,MAB,87/101,,1
60,25,MAB,87/101,,20
61,1,KON,87/101,,53
61,2,KON,87/101,,"1, 2"
61,3,KON,87/101,,11
61,4,KON,87/101,,"3,19"
61,5,KON,87/101,,4
61,6,KON,87/101,25,"6,25,27"
61,7,KON,87/101,,39
61,8,KON,87/101,,43
61,9,KON,87/101,,17
61,10,KON,87/101,,15
61,11,KON,87/101,,12
61,12,KON,87/101,,"7,31"
61,13,KON,87/101,,"10,13"
61,14,KON,87/101,,8
61,15,KON,87/101,,41
61,16,LMS,87/101,,32
61,17,LMS,87/101,,9
62,1,LMS,87/101,,33
62,2,MPB,87/101,,3
62,3,MPB,87/101,,2
62,4,MPB,87/101,,31
62,5,MPB,87/101,,30
62,6,MPB,87/102,,1
62,7,MPB,87/102,,3
62,8,MPB,87/102,,"4-5, 7"
62,9,MPB,87/102,,2
62,10,MPB,87/103,,1
62,11,MPB,87/103,,4
62,12,MPB,87/103,,2
62,13,MPB,87/103,,3
62,14,MPB,87/103,,7
62,15,BDA,87/101,,33
62,16,BDA,87/101,,30
63,1,SAK,87/101,,"1, 6"
63,2,SAK,87/101,,2
63,3,SAK,87/101,,3
63,4,SAK,87/101,,4
63,5,SAK,87/101,,5
63,6,PDM,87/101,,125
63,7,PDM,87/101,,123
63,8,PDM,87/101,,70
63,9,PDM,87/101,,"51, 74"
63,10,PDM,87/101,,163
63,11,PDM,87/101,,33
63,12,PDM,87/101,,116
63,13,PDM,87/101,,19
63,14,PDM,87/101,,124
63,15,PDM,87/101,,120
63,16,PDM,87/101,,107
63,17,PDM,87/101,,39
63,18,PDM,87/101,,115
63,19,PDM,87/101,,106
63,20,PDM,87/101,,105
64,1,PDM,87/101,,84
64,2,PDM,87/101,,20
64,3,PDM,87/101,,2
64,4,PDM,87/101,,62
64,5,PDM,87/101,,7
64,6,PDM,87/101,,"54, 83"
64,7,PDM,87/101,,18
64,8,PDM,87/101,,12
64,9,PDM,87/101,,4
64,10,PDM,87/101,,117
64,11,PDM,87/101,,89
64,12,PDM,87/101,,99
64,13,PDM,87/101,,67
64,14,PDM,87/101,,61
64,15,PDM,87/101,,21
65,1,PDM,87/101,,140
65,2,PDM,87/101,,130
65,3,PDM,87/101,,121
65,4,PDM,87/101,,44
65,5,PDM,87/101,,128
65,6,PDM,87/101,,139
65,7,PDM,87/101,,42
65,8,PDM,87/101,,103
65,9,PDM,87/101,,101
65,10,PDM,87/101,,104
65,11,PDM,87/102,,14
65,12,PDM,87/102,,"3, 12, 30"
66,1,PDM,87/102,,8
66,2,PDM,87/102,,15
66,3,PDM,87/102,,13
66,4,PDM,87/102,,5
66,5,PDM,87/102,,18
66,6,PDM,87/102,,6
66,7,PDM,87/102,,19
66,8,PDM,87/102,,2
66,9,MBJ,87/101,,18
66,10,MBJ,87/101,,19
66,11,MBJ,87/101,,43
66,12,MBJ,87/101,,24
66,13,MBJ,87/101,,23
66,14,MBJ,87/101,,20
66,15,MBJ,87/101,,27
66,16,NGA,87/101,,47
66,17,NGA,87/101,,5
66,18,NGA,87/101,,"2, 20"
66,19,NGA,87/101,,4
66,20,NGA,87/101,,3
67,1,NGA,87/101,,26
67,2,NGA,87/101,,23
67,3,NGA,87/101,,24
67,4,NGA,87/101,,19
67,5,NGA,87/101,,9
67,6,NGA,87/101,,8
67,7,NGA,87/101,,13
67,8,NGA,87/101,,10
67,9,NGA,87/101,31,"23, 31, 33"
67,10,NGA,87/101,,16
67,11,NGA,87/101,12,"11, 12, ?"
67,12,NGA,87/101,33,"23, 31, 33"
67,13,NGA,87/101,,1
67,14,NGA,87/101,,15
67,15,NGA,87/101,,14
67,16,NGA,87/101,,28
67,17,NGA,87/101,,6
67,18,NGA,87/101,30,"27, 29, 30"
67,19,NGA,87/101,32,"18, 32"
67,20,NGA,87/101,27,"27, 29, 30"
67,21,NGA,87/101,,34
67,22,NGA,87/101,,22
67,23,NGA,87/101,,46
68,1,NGL,87/101,,34
68,2,BYN,87/101,,9
68,3,BYN,87/101,,10
68,4,BLK,87/1,GE 3,2
68,5,BLK,87/1,GE 4,"-1:4, -2:4"
69,1,BLK,87/1,GE 2,"2, -1:2"
69,2,BLK,87/1,GE 5,"3, -1-3-1:3"
69,3,BLK,87/1,GE 1,-1:1 -2:1
69,4,BLK,87/1,GE 6,"-1,2:2"
69,5,BLK,87/101,XXX,44
69,6,BLK,87/101,,70
69,7,BLK,87/101,,75
69,8,BLK,87/101,,85
70,1,BLK,87/101,,89
70,2,BLK,87/101,,13a
70,3,BLK,87/101,,15
70,4,BLK,87/101,,24
70,5,BLK,87/501,,1
71,1,BTW,87/101,,5
71,2,BTW,87/101,,45
71,3,BTW,87/101,,18
71,4,BTW,87/101,,43
72,1,ILL,87/101,,1
72,2,MIS,87/101,,36
72,3,MIS,87/101,,1
72,4,MIS,87/101,,10
72,5,MIS,87/101,,3
72,6,MIS,87/101,,31
72,7,MIS,87/101,,49
72,8,MIS,87/101,,56
73,1,YUM,87/101,,48
73,2,YUM,87/102,,"14,16"
73,3,YUM,87/102,,6
73,4,YUM,87/102,,3
73,5,YUM,87/102,,11
73,6,YUM,87/102,,1
73,7,YUM,87/102,,"10, 12"
73,8,YUM,87/102,,2
73,9,YUM,87/102,,9
73,10,YUM,87/102,,18
73,11,YUM,87/102,,22
74,1,YUM,87/102,,24
74,2,YUM,87/102,,26
74,3,YUM,87/103,27,"10, 27, 29"
74,4,YUM,87/103,,37
74,5,YUM,87/103,,6
74,6,YUM,87/103,,25
74,7,YUM,87/103,,2
74,8,YUM,87/103,,5
74,9,YUM,87/103,,7
75,1,YUM,87/103,,31
75,2,YUM,87/103,,32
75,3,YUM,87/103,,38
75,4,YUM,87/103,,4
75,5,YUM,87/103,,8
75,6,YUM,87/103,,17-18
75,7,YUM,87/103,,"12, 16"
75,8,YUM,87/103,,39
76,1,LKW 186,87/186,,"-1:3,13"
76,2,LKW 186,87/186,,-1:1
76,3,LKW 186,87/186,,"-1:2,5"
76,4,LKW 186,87/186,,2
76,5,LKW 186,87/186,,3
76,6,LKW 186,87/186,,1
76,7,LKW 186,87/186,,7
76,8,LKW 186,87/186,,4
76,9,LKW 186,87/186,,-1:4
76,10,LKW 186,87/186,,-1:7
76,11,LKW 186,87/186,,-1:6
76,12,BJJ,87/101,,14
76,14,BJJ,87/101,,13
76,13,BJJ,87/101,,29
76,15,BJJ,87/101,,31
76,16,BJJ,87/101,,26
77,1,BJJ,87/101,,22
77,8,BJJ,87/101,,55
77,2,BJJ,87/101,,15
77,10,BJJ,87/101,,3
77,3,BJJ,87/101,,24
77,4,BJJ,87/101,,34
77,5,BJJ,87/101,,25
77,6,BJJ,87/101,,9
77,7,BJJ,87/101,,20
77,9,BJJ,87/101,,37
77,11,BJJ,87/101,,12
77,12,BJJ,87/101,,33
77,13,BJJ,87/101,,21
77,14,BJJ,87/101,,41
78,1,BJJ,87/101,,19
78,2,BJJ,87/101,,32
78,3,BJJ,87/101,,5
78,4,BJJ,87/101,,53
78,5,BJJ,87/101,,35
78,6,BJJ,87/101,,23
78,7,BJJ,87/101,,10
78,12,BJJ,87/101,,87
78,8,BJJ,87/101,,38
78,9,BJJ,87/101,,36b
78,10,BJJ,87/101,,11
78,11,BJJ,87/101,,46
78,13,BJJ,87/101,,80
79,1,BJJ,87/101,,83
79,2,BJJ,87/101,,88
79,3,BJJ,87/101,,89
79,4,BKA,87/101,,4
79,5,MSN,87/101,,6
79,6,MSN,87/101,,88
79,7,MSN,87/101,,11
79,8,MSN,87/101,,"1, 63, 99"
79,9,MSN,87/101,,28
79,10,MSN,87/101,,4
80,1,MSN,87/101,,"27, 39, 42"
80,2,MSN,87/101,,13
80,3,MSN,87/101,,30
80,4,MSN,87/101,,2
80,5,MSN,87/101,,91
80,6,MSN,87/101,,3
80,7,MSN,87/101,,"87, 98"
80,8,MSN,87/101,,86
80,9,MSN,87/101,,145
81,1,EBA,87/101,,130
81,2,EBA,87/101,,18
81,3,EBA,87/101,,154
81,4,EBA,87/101,,9
81,5,EBA,87/101,,155
81,6,EBA,87/101,,20
81,7,EBA,87/101,,168
81,8,EBA,87/101,,184
81,9,EBA,87/101,,"12, 202, 277"
81,10,EBA,87/101,,176
81,11,EBA,87/101,,"10, 21"
81,12,EBA,87/101,,162
81,13,EBA,87/101,,"13, 82"
81,14,EBA,87/101,,175
81,15,EBA,87/101,,"2, 46"
81,16,EBA,87/101,,31
81,17,EBA,87/101,,"149, 200"
81,18,EBA,87/101,,152
82,1,EBA,87/101,,173
82,2,EBA,87/101,,178
82,3,EBA,87/101,,158
82,4,EBA,87/101,,"143, 199, 233"
82,5,EBA,87/101,,157
82,6,EBA,87/101,,8
82,7,EBA,87/101,,29
82,8,EBA,87/101,,188
82,9,EBA,87/101,,111
82,10,EBA,87/101,,"72, 99"
82,11,EBA,87/101,,11
82,12,EBA,87/101,,"35,45"
83,1,EBA,87/101,,7
83,2,EBA,87/101,273a,273
83,3,EBA,87/101,,33
83,4,EBA,87/101,,17
83,5,EBA,87/101,,133
83,6,EBA,87/101,,131
83,7,EBA,87/101,,3
83,8,EBA,87/101,,153
83,9,EBA,87/101,,164
83,10,EBA,87/101,,"35,45"
83,11,EBA,87/101,,14
83,12,EBA,87/101,,232
83,13,EBA,87/101,,260
83,14,EBA,87/101,,6
83,15,EBA,87/101,,247
84,1,BWA,87/102,,11
84,2,MSG,87/101,,121
84,3,MSG,87/101,,18
84,4,MSG,87/101,,2
84,5,MSG,87/101,,49
84,6,MSG,87/101,,188
84,7,MSG,87/101,,187
84,8,MSG,87/101,,102
85,1,MSG,87/101,,186
85,2,MSG,87/101,,184
85,3,MSG,87/101,,94
85,4,MSG,87/102,,1
85,5,MSG,87/102,,2
85,6,MSG,87/102,,8
85,7,MSG,87/102,,11
85,8,MSG,87/102,,10
86,1,MSG,87/102,,12
86,2,MSG,87/102,,9
86,3,LKN,87/101,,24
86,4,LKN,87/101,,3
86,5,LKN,87/101,,37
86,6,LKN,87/101,,36
87,1,LKN,87/101,,34
87,2,LKN,87/101,,35
87,3,LKW 401,87/401,,1
87,4,JEK,87/101,,14
87,5,JEK,87/101,,29
87,6,JEK,87/101,,30
87,7,JEK,87/101,,10
87,8,JEK,87/101,,8
87,9,JEK,87/101,,9
88,1,JEK,87/101,,57
88,2,JEK,87/101,,56
88,3,JEK,87/101,,55
88,4,MUN,87/1,,"-5:1,38"
88,5,MUN,87/1,,-2:62
88,6,MUN,87/1,,-6:8
88,7,MUN,87/1,,-3:2
88,8,MUN,87/1,,-3:1
88,9,MUN,87/1,,-6:3
89,1,MUN,87/1,,-1:4
89,2,MUN,87/1,,-4:2
89,3,MUN,87/1,,-3:6 -4:1
89,4,MUN,87/1,,-1:1
89,5,MUN,87/1,,-1:5 -2:1
89,6,MUN,87/1,,-3:3
89,7,MUN,87/1,,-1:2
89,8,MUN,87/1,,-1:3
90,1,MUN,87/1,,-6:2
90,2,MUN,87/1,,-6:1
91,1,MUN,87/2-1-1,,-4:2
91,2,MUN,87/2-1-1,,"-2:2 -4:3,10-11,13"
91,3,MUN,87/2-1-1,,"-4:5-6,8,12,14-21 -5:3"
91,4,MUN,87/2-1-1,,"-4:4,7,9 -5:4-6,8-9"
91,5,MUN,87/2-1-1,,-5:2
91,6,MUN,87/2-1-1,,-7:1-2
91,7,MUN,87/2-1-1,,-8:3
91,8,MUN,87/2-1-1,,-8:1
92,1,MUN,87/2-1-3,,"-1:1b, -1/-2/-3:1,5"
92,2,MUN,87/2-1-3,,"-1:2, -1/-2/-3:14a; -6:6a"
92,3,MUN,87/2-1-3,,-1:1a
92,4,MUN,87/2-1-3,,-4:4
92,5,MUN,87/2-1-3,,"3, -2:3"
92,6,MUN,87/2-1-3,,-5:5
92,7,MUN,87/2-1-3,,-6:6
92,8,MUN,87/2-1-3,,8
92,9,MUN,87/2-1-3,,-3/-4/-5:18
93,1,MUN,87/2-1-3,,7 -1:e-f
93,2,MUN,87/2-1-3,,-5:12
93,3,MUN,87/2-1-3,,10
93,4,MUN,87/2-1-3,,9
93,5,MUN,87/2-1-3,,13a
93,6,MUN,87/2-1-3,,-6:15
93,7,MUN,87/2-1-3,,-4:11 -3/-4/-5:19
93,8,MUN,87/2-1-3,,-1/-2/-3:8
94,1,MUN,87/3,,"-2-2-1,2,3,4:14, 15"
94,2,MUN,87/3,,"-2-2-1,2,3,4:9, -5-2-3:2"
94,3,MUN,87/3,,"-2-2-1,2,3,4:7"
94,4,MUN,87/101,,41
94,5,MUN,87/101,,49
94,6,ITN,87/101,,2
94,7,ITN,87/101,,1
94,8,ITN,87/103,,17
94,9,ITN,87/103,,14
95,1,ITN,87/103,,1
95,2,ITN,87/103,,3
95,3,ITN,87/103,,5
95,4,ITN,87/103,,15
95,5,ITN,87/103,,16
96,1,ITN,87/103,,2
96,2,ITN,87/103,,7
96,3,ITN,87/103,,11
96,4,ITN,87/103,,32
96,5,ITN,87/103,,28
96,6,ITN,87/103,,9
97,1,ITN,87/103,,12
97,2,ITN,87/103,,8
97,3,ITN,87/103,,6
97,4,ITN,87/103,,
97,5,ITN,87/103,,10
97,6,EPE,87/101,,1
97,7,EPE,87/101,,"2, 10"
98,1,OUE,87/101,,A
98,2,OUE,87/101,,B-F
98,3,OUE,87/101,,B-F
98,4,OUE,87/101,,B-F
98,5,OUE,87/101,,B-F
98,6,OUE,87/101,,B-F
